index,Region,Country,Year,15+ female,15+ male,15+ total,15-24 female,15-24 male,15-24 total,25-64 female,25-64 male,25-64 total,65+ female,65+ male,65+ total
215,Central and Southern Asia,Kazakhstan,2010,0.9973899,0.9982968,0.9978163,0.9985091,0.9994014,0.9989736,0.9974727,0.9983287,0.9978774,0.9952126,0.9944912,0.9949632
227,Central and Southern Asia,Kyrgyzstan,2018,0.9949972,0.9967701,0.99586,0.9981,0.9969,0.9975,0.9978392,0.9974627,0.9976552,0.9616295,0.987103,0.9713379
395,Central and Southern Asia,Tajikistan,2014,0.997,0.9982,0.998,0.999,0.9986,0.999,0.998,0.9985,0.998,0.971,0.992,0.981
407,Central and Southern Asia,Turkmenistan,2014,0.996,0.9975,0.997,0.999,0.9977,0.998,0.998,0.9981,0.998,0.968,0.9887,0.976
431,Central and Southern Asia,Uzbekistan,2014,0.9997599,0.9998519,0.9998055,1,1,1,1,1,1,0.9962151,0.9970674,0.9965888
443,Central and Southern Asia,Uzbekistan,2015,0.9997577,0.9999204,0.9998383,1,1,1,1,1,1,0.996261,0.9984595,0.9972267